num_rooms,parking_space,width,num_conveniences,building_age,distance_to_center,location,price
2,1,241,3,50,34,3,542000
6,0,218,4,36,19,4,785000
6,0,84,4,20,3,4,613000
5,1,68,1,31,20,3,415000
1,0,92,3,3,37,1,186000
1,0,260,3,38,1,3,687000
6,2,215,1,17,20,2,783000
5,0,126,3,3,6,2,619000
1,0,65,4,23,20,5,247000
1,2,112,2,20,50,1,174000
2,2,34,3,35,7,5,318000
4,0,37,2,32,4,2,362000
1,2,153,2,38,33,3,343000
5,1,178,4,35,41,5,576000
3,2,260,3,28,16,5,782000
3,2,247,3,18,30,5,696000
2,2,283,2,44,30,4,672000
2,1,165,4,31,17,1,484000
1,0,243,4,41,26,4,545000
2,1,87,1,38,48,1,136000
5,1,151,4,13,47,4,504000
5,1,70,2,23,39,1,322000
2,1,77,4,21,32,1,243000
4,1,166,1,48,49,3,399000
4,1,222,1,14,23,5,695000
5,1,141,2,43,38,5,489000
4,0,183,2,26,7,1,635000
1,2,175,4,21,43,4,384000
2,0,93,1,36,3,1,355000
5,2,151,3,15,15,2,652000
4,2,223,4,28,5,1,783000
6,1,269,2,35,18,3,883000
6,0,175,2,14,7,1,731000
2,1,111,4,3,12,1,429000
6,0,95,2,30,37,4,435000
3,1,41,2,13,25,3,264000
4,1,280,3,34,24,5,806000
4,0,144,1,48,29,2,425000
1,0,65,2,40,49,4,55000
1,2,121,3,3,40,3,289000
6,2,239,2,2,24,2,836000
6,2,184,4,1,39,1,662000
6,1,241,2,48,27,2,759000
3,1,267,1,24,47,1,565000
5,0,299,4,31,2,5,997000
5,0,270,4,4,5,3,931000
6,0,127,4,49,41,1,450000
6,0,123,2,9,43,3,472000
4,2,72,1,32,46,5,282000
2,1,268,2,20,15,5,731000
4,2,142,1,11,3,3,638000
2,0,249,2,30,3,5,723000
1,0,55,2,27,27,4,158000
1,1,171,4,35,45,1,302000
5,0,194,1,18,38,3,570000
6,1,60,3,34,27,1,411000
6,1,297,2,10,18,4,974000
6,0,120,3,31,50,5,439000
2,1,75,1,8,20,4,312000
2,0,222,1,44,30,4,500000
3,1,99,4,38,27,3,365000
4,2,268,2,18,21,2,793000
5,1,222,1,7,44,5,647000
2,2,263,2,26,40,5,610000
1,2,82,3,17,47,2,152000
6,0,287,2,35,41,1,764000
6,0,137,2,7,34,4,557000
5,2,117,3,30,14,2,574000
6,2,228,2,15,21,2,816000
6,1,186,3,13,18,4,759000
4,1,46,2,9,8,1,393000
3,1,156,2,33,14,1,509000
3,2,33,2,9,1,4,402000
3,2,112,1,18,48,5,316000
1,1,237,2,9,1,2,670000
6,2,76,4,45,45,3,392000
4,1,180,2,1,48,2,479000
4,2,36,3,2,39,2,265000
1,2,55,4,31,28,5,219000
3,0,32,4,29,41,1,130000
5,2,259,4,16,33,1,777000
3,0,80,1,29,23,2,296000
6,1,120,4,39,40,4,501000
6,1,166,4,15,30,3,657000
5,0,87,2,41,42,3,323000
3,0,202,2,50,43,1,419000
2,0,71,1,28,6,3,324000
4,1,183,2,10,36,5,566000
6,0,117,4,30,43,4,469000
2,2,41,4,41,1,1,326000
2,0,124,3,47,17,4,386000
4,2,120,3,25,6,2,575000
3,2,203,2,34,20,4,622000
2,2,192,4,50,8,4,614000
4,2,130,1,49,23,3,476000
4,1,237,3,32,42,1,592000
3,1,133,1,40,19,3,441000
5,0,81,3,5,45,4,352000
4,1,178,2,36,40,2,480000
1,1,71,1,39,3,4,308000
6,1,46,4,27,40,4,365000
3,1,174,3,18,20,5,580000
2,1,115,4,24,23,2,371000
1,1,238,4,45,22,1,541000
5,1,209,3,8,4,1,800000
1,1,113,2,6,40,2,230000
1,1,155,4,49,42,5,311000
3,1,184,4,15,21,5,608000
5,2,77,1,9,38,1,365000
6,1,176,3,30,50,4,562000
4,1,244,3,16,28,3,712000
1,1,220,1,9,34,5,491000
5,2,104,3,48,4,5,610000
6,0,30,4,2,28,3,388000
4,0,114,4,37,30,5,431000
6,1,187,1,42,23,2,667000
1,1,77,4,34,41,4,165000
3,1,287,2,6,10,4,848000
1,0,36,4,4,29,3,143000
2,2,274,4,6,32,5,712000
1,0,111,3,9,5,2,388000
1,2,207,2,47,11,5,572000
5,2,290,2,29,31,2,826000
1,0,198,1,28,30,1,388000
5,1,159,2,29,50,5,479000
4,2,97,4,25,23,1,444000
1,2,214,1,19,32,1,459000
1,1,99,3,45,31,5,248000
5,0,50,2,18,19,3,387000
6,1,196,2,39,1,5,838000
6,2,37,4,25,23,2,434000
6,1,110,3,4,29,1,531000
5,2,152,2,19,36,1,525000
6,0,190,1,34,46,2,546000
5,0,80,2,5,26,1,405000
2,0,33,1,44,43,2,37000
3,0,51,3,20,6,3,362000
6,1,240,1,50,42,5,700000
1,0,270,3,1,45,2,514000
2,2,187,1,40,34,5,464000
5,0,270,2,20,6,5,910000
6,1,291,3,18,7,5,1029000
1,1,70,4,8,41,2,157000
3,1,284,4,36,15,1,777000
6,0,197,1,8,24,2,696000
1,2,121,1,33,23,1,304000
6,1,132,1,32,18,1,582000
6,1,69,1,44,37,1,349000
4,1,203,4,35,11,4,716000
1,2,221,2,1,13,4,626000
1,2,140,1,5,1,3,500000
4,0,160,3,15,4,1,625000
4,0,283,3,30,6,3,866000
6,0,226,4,25,14,2,817000
5,1,182,2,46,25,5,633000
5,1,108,4,45,35,2,426000
3,2,106,3,44,3,5,523000
4,0,149,2,17,10,2,571000
4,1,45,4,35,23,2,320000
5,0,234,2,6,45,3,637000
5,0,233,4,44,30,4,702000
4,1,274,3,6,37,2,727000
5,2,263,1,24,4,2,902000
6,0,30,3,2,17,4,443000
5,2,132,3,38,39,4,491000
4,0,187,2,9,21,2,600000
2,0,152,3,31,19,1,418000
6,2,208,2,4,48,4,672000
4,0,174,1,23,5,2,630000
1,2,177,1,3,38,4,401000
5,0,56,3,22,5,2,465000
4,0,156,3,23,23,4,544000
1,1,49,3,7,8,2,271000
2,1,102,4,22,28,2,322000
3,2,111,2,13,2,1,519000
4,2,55,3,3,50,3,257000
5,2,132,3,35,12,4,629000
2,1,131,3,21,36,5,361000
1,1,124,2,24,7,1,389000
4,0,266,2,19,9,2,808000
6,1,165,1,25,41,3,560000
2,2,78,3,23,43,4,228000
6,0,198,1,33,12,4,753000
4,1,240,1,34,49,3,561000
1,0,252,3,2,17,2,617000
5,1,118,4,42,2,1,604000
5,2,88,1,2,11,2,539000
3,0,141,1,49,1,2,508000
4,2,50,4,28,4,3,462000
4,0,248,3,36,4,5,820000
3,2,120,1,19,4,4,541000
3,2,77,4,28,28,3,346000
6,0,217,4,47,14,3,787000
1,0,102,4,41,19,1,268000
6,2,119,4,22,15,4,661000
2,1,255,3,4,26,5,676000
3,0,122,2,36,10,1,438000
2,2,244,1,26,20,4,652000
1,1,208,4,11,28,5,525000
4,2,162,3,2,11,2,657000
4,0,62,3,4,37,5,315000
5,2,239,1,18,12,1,810000
2,1,187,2,33,4,4,601000
5,2,88,3,3,36,5,463000
5,0,46,1,18,9,5,439000
5,0,46,4,3,37,3,324000
6,0,230,2,30,29,5,755000
5,0,278,4,18,27,4,833000
6,0,67,4,2,13,5,557000
5,1,181,1,33,28,2,589000
4,2,131,3,25,20,5,557000
2,1,229,3,37,18,1,591000
5,2,88,3,32,19,1,479000
6,2,246,1,6,26,2,826000
4,0,192,4,35,10,5,689000
6,2,248,1,15,45,5,756000
1,0,143,3,50,3,3,431000
6,1,211,2,47,47,2,600000
6,1,285,2,42,11,1,923000
4,0,261,1,5,50,5,627000
2,0,67,1,15,15,2,274000
4,0,244,3,10,10,3,788000
6,0,264,3,17,43,1,736000
5,2,267,1,27,48,1,677000
1,1,184,2,44,36,3,364000
3,1,173,3,31,39,1,430000
6,2,293,2,35,11,2,976000
4,1,203,4,18,19,3,683000
3,2,30,4,39,25,5,276000
4,2,223,2,40,37,4,621000
3,0,259,3,16,7,3,777000
2,2,133,4,11,3,4,560000
1,0,203,1,10,48,1,326000
5,1,193,4,49,43,2,552000
1,1,60,2,15,47,5,110000
6,0,209,4,41,20,3,747000
5,2,64,2,13,21,4,460000
5,2,272,2,47,1,1,912000
2,1,295,3,45,3,5,830000
4,0,232,1,19,15,2,700000
1,2,58,1,28,48,5,98000
2,0,59,2,39,45,3,104000
2,0,267,1,46,16,3,648000
5,2,182,4,26,28,1,638000
1,0,192,4,23,14,2,501000
4,1,211,4,36,29,4,641000
5,0,298,4,14,6,2,962000
2,0,141,3,17,14,2,445000
6,1,151,3,30,22,5,662000
2,2,277,1,18,26,1,666000
1,2,126,3,8,42,5,304000
6,2,141,4,42,14,5,700000
4,1,83,3,29,33,5,372000
4,2,236,4,22,21,5,775000
2,0,158,1,1,33,3,390000
4,2,235,2,37,23,3,708000
4,0,195,3,41,33,3,544000
6,1,167,1,4,4,4,780000
3,2,226,3,46,5,3,731000
4,2,233,2,23,38,2,633000
1,2,282,1,26,31,4,623000
1,0,109,4,9,20,4,339000
2,2,193,4,41,41,2,440000
1,2,107,1,29,5,4,400000
5,0,74,4,3,22,1,435000
5,1,264,3,9,35,3,774000
4,0,33,2,14,27,5,287000
2,2,278,1,38,44,5,598000
2,1,69,3,40,37,1,173000
5,2,173,4,17,21,5,704000
3,2,111,3,11,2,2,541000
1,2,208,4,27,35,1,454000
1,1,61,4,25,37,1,132000
5,2,91,3,5,21,3,522000
3,0,181,4,8,49,4,439000
3,1,42,3,33,28,3,241000
5,0,265,3,19,48,5,701000
1,1,170,2,14,32,2,376000
4,2,165,2,44,9,4,641000
5,1,276,1,1,27,3,826000
1,1,131,2,7,1,3,470000
5,2,224,1,10,48,3,628000
2,2,129,3,30,31,2,363000
6,0,207,1,11,20,1,723000
1,2,289,2,18,25,3,675000
6,1,47,4,40,2,3,534000
6,2,266,1,32,5,1,935000
1,0,266,4,49,29,2,548000
1,2,147,2,44,48,2,240000
4,0,240,2,18,29,5,687000
5,2,91,4,7,46,1,385000
2,2,265,4,31,10,2,749000
2,0,45,2,40,29,2,145000
5,0,288,2,13,20,1,843000
6,0,281,1,43,36,4,789000
1,1,76,4,22,7,2,325000
5,1,183,4,27,28,2,629000
5,2,58,4,26,50,2,290000
3,1,179,1,28,2,1,610000
2,2,128,2,7,26,2,399000
3,1,116,1,18,5,2,489000
6,0,177,4,39,37,2,590000
4,1,235,2,11,42,5,639000
3,2,80,3,25,23,5,390000
6,1,263,3,35,24,4,861000
5,0,219,4,28,43,3,615000
5,2,93,3,38,1,4,603000
2,1,187,3,21,40,2,423000
5,1,233,2,25,38,2,661000
2,0,138,4,47,22,2,379000
6,0,55,1,13,36,1,337000
4,0,97,2,13,21,2,416000
2,2,298,3,13,46,4,663000
4,2,198,2,44,37,1,537000
5,2,254,1,15,4,1,883000
2,2,251,2,10,30,2,622000
3,0,277,4,3,1,2,856000
3,0,229,3,24,42,4,544000
4,0,274,1,35,16,2,763000
4,0,184,4,29,23,4,604000
5,0,144,2,21,43,1,432000
5,0,264,2,30,6,5,888000
6,0,230,2,49,20,4,771000
1,2,239,3,45,47,1,428000
1,0,185,3,23,11,2,492000
5,1,51,2,9,37,5,348000
5,0,267,1,14,34,2,730000
4,0,107,3,2,32,3,412000
1,0,270,4,29,31,1,556000
6,1,101,3,23,40,2,449000
3,0,31,3,35,18,2,237000
2,1,236,1,30,32,5,562000
2,0,193,2,46,17,4,515000
4,0,167,4,5,10,3,649000
1,2,186,4,35,48,5,377000
4,2,274,1,25,7,2,858000
1,0,294,1,41,30,5,607000
5,2,184,2,23,15,3,710000
2,0,249,3,13,16,2,655000
6,2,94,4,37,43,2,436000
5,2,230,1,1,40,1,669000
4,0,196,3,2,4,4,740000
2,0,147,1,30,23,2,379000
2,0,197,1,18,10,5,586000
2,1,140,3,31,8,5,509000
3,0,211,1,35,28,3,537000
6,1,228,1,20,20,4,806000
1,2,80,1,10,14,5,330000
1,0,57,1,32,15,4,207000
2,0,271,3,2,44,3,580000
1,1,212,3,13,41,4,446000
4,1,194,2,44,7,3,679000
4,0,179,1,39,5,4,644000
2,0,173,4,2,41,5,429000
3,1,49,1,16,49,4,157000
3,1,268,3,40,21,1,701000
6,0,42,1,18,38,5,336000
3,0,121,3,31,8,1,461000
1,2,199,1,34,13,2,519000
1,2,267,2,19,33,2,580000
5,0,100,1,8,34,3,412000
5,0,155,4,35,23,1,560000
4,1,162,4,17,24,4,587000
6,2,166,1,32,32,2,610000
3,1,167,2,7,49,1,382000
6,2,100,4,42,28,3,528000
1,2,273,2,18,23,5,673000
4,1,161,3,42,30,5,530000
1,1,143,3,33,41,2,268000
3,0,288,2,34,10,2,782000
2,1,253,1,5,45,4,546000
4,0,183,2,21,9,3,650000
1,0,297,2,18,48,4,546000
5,0,244,2,13,22,3,765000
2,0,245,2,17,27,5,608000
1,1,122,4,20,25,2,329000
2,2,208,4,1,8,4,695000
2,2,98,2,9,29,1,312000
3,2,280,1,39,42,3,641000
2,0,139,1,12,20,3,406000
6,1,64,4,13,14,1,515000
5,0,134,2,27,42,2,421000
3,2,118,1,32,50,2,274000
2,0,74,3,50,50,3,108000
3,0,34,4,38,17,2,255000
3,1,180,3,42,24,4,538000
2,1,262,4,8,3,5,811000
4,2,177,4,21,22,4,643000
1,1,240,1,41,37,4,474000
3,1,258,1,32,9,4,759000
3,1,118,2,45,9,3,466000
2,0,194,4,18,16,5,580000
6,2,196,1,38,28,4,704000
4,2,267,1,30,16,3,804000
3,1,210,1,17,6,2,673000
2,0,165,3,50,17,3,455000
6,1,288,1,27,44,2,779000
5,1,149,3,6,36,1,522000
5,1,153,4,43,39,3,508000
6,0,231,2,3,15,5,854000
3,2,133,3,26,10,4,550000
6,2,233,2,49,11,1,832000
2,2,219,3,49,32,1,509000
4,1,61,2,45,18,5,377000
3,1,178,2,6,18,5,600000
5,0,97,1,5,50,3,329000
3,0,232,1,28,8,1,666000
3,0,273,3,20,5,1,791000
4,0,84,1,2,30,5,376000
1,2,83,3,31,26,3,255000
3,2,114,2,20,42,1,318000
3,0,219,2,49,26,2,549000
3,2,294,4,5,26,3,813000
5,0,85,1,46,3,5,519000
2,0,296,4,23,12,2,769000
6,0,80,2,8,7,3,567000
3,2,192,3,26,37,4,533000
3,0,36,4,33,13,5,314000
1,2,255,3,18,8,1,682000
5,2,227,3,24,37,2,685000
4,1,114,4,38,5,2,545000
4,1,279,2,30,11,4,853000
5,1,82,4,50,13,1,469000
2,2,72,1,21,49,4,168000
1,1,236,4,46,39,5,491000
2,1,255,1,28,6,5,732000
6,1,140,2,40,30,1,540000
4,2,272,3,29,9,1,850000
2,1,42,1,3,13,3,276000
5,0,274,1,10,44,4,718000
2,1,119,4,33,43,1,260000
2,2,114,1,26,40,2,272000
5,2,50,3,1,47,5,334000
3,2,43,4,22,34,5,274000
5,1,71,3,21,24,2,421000
1,0,270,1,11,39,1,504000
6,2,258,1,2,18,4,914000
4,0,70,2,10,9,4,445000
6,2,169,4,41,24,1,667000
6,0,264,1,30,47,2,693000
6,0,299,1,29,31,4,864000
1,0,117,3,6,41,3,233000
4,0,84,2,14,40,3,304000
5,1,291,2,35,34,2,787000
3,0,134,4,47,9,4,506000
2,1,250,3,4,26,1,626000
5,1,93,1,23,14,4,513000
4,0,254,4,5,35,5,718000
6,2,133,2,19,45,2,502000
3,1,147,1,10,20,5,514000
2,1,88,2,38,19,1,293000
1,2,178,2,1,14,2,515000
1,0,292,4,12,42,1,562000
3,2,208,4,20,5,3,731000
3,1,101,2,5,11,2,452000
6,2,138,2,38,37,5,563000
5,0,289,2,42,19,3,841000
5,0,205,3,47,27,5,658000
3,2,217,3,14,34,1,580000
6,0,222,2,11,41,4,688000
2,1,256,2,23,12,2,689000
6,2,173,2,5,43,1,596000
2,1,163,2,2,41,1,369000
6,2,169,4,9,32,3,679000
6,2,266,4,17,38,5,855000
5,0,278,2,29,16,5,867000
2,2,137,4,34,32,3,390000
6,1,251,4,22,24,2,840000
2,1,32,1,27,29,1,132000
4,0,85,1,32,35,3,303000
1,2,131,1,13,39,5,304000
2,1,258,4,30,40,1,556000
2,2,71,3,43,46,5,189000
5,2,167,3,26,11,4,713000
2,0,46,3,29,25,3,198000
5,2,268,1,28,41,2,723000
3,2,107,2,8,18,1,436000
3,1,280,3,16,33,2,699000
3,1,223,2,34,13,4,677000
4,2,188,4,15,46,4,551000
3,1,103,1,6,45,5,305000
4,2,291,3,22,5,2,925000
1,1,92,4,34,15,5,335000
1,0,70,2,37,9,5,278000
1,2,213,1,1,25,5,550000
2,0,93,2,6,24,2,300000
3,1,129,3,1,18,5,517000
1,0,233,4,36,3,2,625000
6,0,201,2,40,36,1,612000
6,0,244,4,1,30,4,817000
3,0,54,4,40,47,2,143000
6,0,110,3,8,38,3,482000
2,0,98,2,38,22,3,298000
5,2,212,3,19,12,3,795000
4,2,240,1,14,50,3,596000
3,1,196,2,28,31,5,549000
5,1,31,2,44,33,5,293000
1,1,196,2,30,11,3,527000
2,1,63,4,38,27,5,263000
4,0,207,4,10,3,4,769000
1,2,215,1,29,48,5,411000
4,0,38,4,49,38,4,217000
4,2,93,3,24,46,5,352000
3,0,204,4,9,6,1,669000
3,0,252,3,34,25,1,635000
6,1,263,3,14,20,2,882000
1,1,44,2,43,4,5,265000
4,1,142,1,30,2,1,584000
6,0,128,1,22,29,4,539000
2,1,169,3,47,32,4,421000
2,2,164,4,33,44,1,365000
5,2,67,1,34,13,5,485000
2,2,154,2,6,11,1,517000
2,2,86,2,12,48,3,210000
1,1,80,2,15,8,3,325000
3,1,276,3,5,4,1,837000
6,2,240,1,9,2,1,921000
3,1,103,3,20,22,3,406000
6,1,286,2,42,49,1,735000
6,0,251,1,29,37,4,738000
1,1,187,1,33,3,5,556000
4,2,202,2,13,42,1,551000
5,0,248,4,18,24,5,798000
4,1,166,2,49,6,3,623000
5,1,260,1,23,17,2,812000
2,2,285,3,30,30,4,700000
4,2,189,3,25,42,2,533000
2,0,143,3,42,2,3,494000
1,0,126,4,16,1,4,461000
5,1,50,2,41,22,3,369000
6,2,119,4,24,6,5,714000
5,1,108,2,12,38,3,434000
6,1,157,4,17,20,4,697000
3,2,95,2,21,47,5,294000
5,2,142,1,7,15,2,622000
2,2,117,4,2,49,1,277000
5,1,198,1,30,2,2,756000
3,1,46,2,34,35,3,203000
6,0,100,2,27,21,5,538000
2,2,267,2,18,10,1,736000
5,1,200,2,45,31,4,630000
3,0,139,4,5,24,5,493000
2,2,56,4,14,32,1,228000
2,2,294,1,39,39,2,624000
3,1,57,1,22,43,2,177000
1,0,121,4,29,6,1,383000
1,0,241,1,40,46,5,422000
1,0,63,2,12,6,4,294000
4,2,253,2,46,7,4,825000
1,0,214,3,35,23,1,468000
5,2,108,4,29,7,3,612000
4,2,268,1,9,41,5,722000
3,0,276,1,27,34,3,645000
3,0,151,4,20,18,2,502000
3,1,31,2,15,40,1,147000
2,0,292,4,22,29,3,687000
5,1,84,2,45,32,4,393000
6,1,274,4,22,18,1,906000
6,0,53,1,25,6,5,511000
1,0,287,1,25,30,1,569000
3,0,125,2,21,7,4,504000
5,1,69,3,16,25,2,417000
2,2,55,3,6,27,1,249000
5,2,233,1,35,7,1,806000
5,0,109,2,29,10,1,519000
4,0,138,1,49,22,2,447000
1,2,289,1,45,23,3,648000
4,1,126,2,18,17,5,539000
1,1,278,1,32,42,3,524000
3,0,269,4,17,32,3,681000
5,0,211,2,30,16,5,732000
4,2,53,4,1,21,5,430000
6,2,172,2,8,33,3,661000
1,0,223,4,27,32,2,469000
2,1,160,2,31,1,1,534000
1,0,141,4,39,19,2,358000
6,2,127,3,11,33,4,588000
4,2,54,3,49,47,5,244000
2,1,83,1,49,8,1,317000
1,1,115,2,21,38,4,249000
4,0,216,2,19,19,3,668000
3,2,270,3,30,38,5,690000
5,1,117,1,39,44,3,385000
5,1,225,4,38,24,3,732000
3,2,129,3,23,5,2,550000
1,0,32,2,33,25,5,126000
6,0,172,2,29,46,1,515000
1,1,32,4,13,19,1,176000
2,1,222,1,40,34,4,504000
2,0,42,3,17,17,3,242000
3,2,159,4,34,16,5,584000
5,1,219,4,35,5,2,808000
6,0,211,3,41,14,2,761000
5,1,247,2,10,26,1,754000
1,0,240,3,2,35,4,523000
6,1,205,3,49,22,3,731000
3,0,171,1,17,25,5,510000
6,0,213,4,2,42,1,664000
2,0,98,3,29,2,2,407000
1,1,222,2,17,49,3,402000
4,1,71,3,6,23,5,421000
1,0,61,2,15,14,4,247000
3,2,265,4,46,46,2,604000
3,2,156,4,13,34,1,469000
1,0,74,3,32,44,2,96000
5,2,52,3,1,7,4,528000
4,1,235,3,9,39,4,656000
3,0,103,1,22,48,5,254000
6,2,102,3,23,15,3,606000
3,0,239,2,20,29,3,613000
3,2,297,2,37,34,1,707000
2,1,118,3,47,19,2,364000
2,1,135,4,44,10,5,486000
3,2,171,3,11,42,1,451000
5,1,83,3,32,11,5,529000
2,0,261,2,34,19,1,623000
2,1,231,2,27,31,4,560000
6,1,124,2,2,33,4,561000
4,1,260,1,20,16,1,760000
1,2,231,4,50,30,1,502000
2,2,82,3,22,4,1,402000
4,1,269,4,9,48,2,669000
5,1,134,1,27,47,1,396000
2,1,158,2,26,43,3,345000
6,0,119,1,9,20,1,549000
2,0,215,2,40,16,2,550000
3,1,193,3,12,28,3,564000
4,1,282,4,11,23,5,848000
3,0,285,4,3,6,3,857000
6,1,42,1,41,24,2,373000
5,0,63,1,44,49,3,227000
3,0,35,3,48,20,1,212000
4,2,170,1,22,1,4,703000
4,2,228,1,23,48,5,593000
3,1,275,3,28,8,2,802000
4,2,240,3,42,21,5,753000
2,2,57,2,38,19,4,281000
3,2,173,4,2,48,3,464000
2,2,55,3,26,29,2,229000
5,2,295,3,13,2,5,1037000
5,2,228,3,31,43,1,640000
6,2,148,2,3,49,2,528000
2,2,251,1,46,29,4,601000
3,0,69,3,39,22,3,299000
4,2,106,4,11,6,5,601000
1,0,61,1,39,31,5,138000
6,2,285,3,22,46,5,838000
5,0,202,1,24,44,3,550000
2,2,137,1,48,25,4,391000
4,2,268,3,11,47,2,680000
3,1,272,3,7,9,1,802000
6,0,286,1,2,41,1,785000
3,1,171,4,29,19,4,568000
4,2,217,4,17,41,5,642000
1,1,157,3,16,21,1,403000
6,1,43,3,17,35,2,364000
6,0,42,4,31,8,5,503000
5,2,241,4,3,30,4,799000
5,1,278,2,27,46,4,729000
6,2,36,3,32,40,2,330000
3,0,202,4,31,50,4,453000
4,2,36,4,11,14,4,411000
3,0,85,1,24,14,5,386000
3,0,190,1,35,11,4,590000
1,1,74,2,1,11,5,332000
4,0,274,2,26,29,1,707000
1,0,136,3,24,43,3,243000
3,2,106,4,3,10,2,509000
4,2,250,3,4,31,4,751000
2,2,186,3,49,35,1,428000
2,0,132,3,21,39,1,288000
2,2,164,2,18,40,1,380000
2,2,159,3,49,39,4,384000
3,2,244,1,29,4,3,769000
3,1,33,3,22,15,1,279000
6,0,296,4,45,47,2,772000
3,2,133,3,25,40,3,391000
2,0,179,4,32,4,4,586000
5,2,71,3,14,33,5,433000
6,0,299,3,14,30,3,894000
6,0,186,3,22,34,2,630000
2,0,61,2,18,30,3,204000
6,1,263,2,45,21,3,846000
4,0,195,3,5,11,1,670000
2,0,153,2,6,21,5,465000
5,0,103,3,3,45,1,368000
1,1,230,3,22,46,5,458000
1,2,132,4,24,19,4,415000
4,1,261,1,39,14,3,773000
4,1,260,3,2,6,5,888000
5,2,158,4,33,10,2,683000
4,2,271,4,30,34,2,742000
3,2,152,1,35,14,5,549000
5,1,121,2,18,45,5,439000
1,1,37,2,27,23,1,132000
6,2,300,4,18,43,1,857000
1,1,225,3,13,15,2,582000
3,1,205,4,7,9,4,708000
5,2,44,1,17,10,1,431000
3,0,267,2,29,41,4,610000
5,0,32,3,39,46,5,225000
2,1,278,1,46,4,5,770000
5,0,298,2,8,47,1,733000
2,2,125,2,19,49,5,296000
1,2,286,1,48,24,4,644000
4,0,293,2,4,5,1,887000
2,2,83,1,49,7,1,342000
2,0,167,4,15,18,5,519000
5,0,51,4,36,8,5,466000
6,1,85,2,4,30,1,466000
4,2,54,4,26,17,4,417000
6,2,272,3,18,40,2,816000
1,2,80,2,12,40,3,188000
2,0,278,2,35,7,2,726000
3,0,206,2,25,5,3,662000
5,0,48,3,45,5,4,446000
3,2,199,3,15,13,2,658000
2,2,152,3,43,33,4,406000
2,1,40,4,16,6,1,304000
6,1,53,3,50,39,2,331000
3,0,164,4,26,25,5,517000
4,2,220,2,8,50,5,592000
1,2,82,2,24,15,2,295000
4,0,98,2,48,15,3,423000
5,2,76,1,49,38,4,353000
4,1,207,1,12,4,5,762000
4,1,148,4,37,41,4,454000
4,2,68,2,35,23,1,356000
4,2,221,1,47,12,3,715000
4,0,60,1,50,16,2,320000
1,2,57,1,1,21,1,218000
4,1,154,4,20,36,4,508000
1,2,102,4,21,20,5,363000
4,0,238,4,8,13,2,763000
3,0,282,3,29,5,3,820000
2,1,168,1,9,30,3,437000
1,1,123,4,28,2,4,458000
4,0,167,2,14,2,1,640000
2,2,185,4,35,47,3,410000
5,1,268,1,44,13,2,827000
2,1,155,4,4,14,2,516000
3,1,241,3,41,4,3,751000
5,0,154,4,26,28,4,572000
5,2,64,4,10,23,2,453000
5,2,138,4,3,29,5,608000
1,0,73,1,48,7,5,273000
2,1,213,4,41,19,5,600000
6,2,113,1,17,29,1,524000
3,0,49,1,6,22,1,252000
3,0,274,4,23,7,1,790000
5,0,154,2,45,47,3,428000
3,2,276,4,25,47,4,662000
6,2,36,1,6,40,1,326000
6,1,225,2,1,29,5,794000
3,1,144,1,23,24,5,475000
5,0,145,2,13,48,5,457000
1,0,174,2,50,13,3,433000
4,2,51,3,10,41,5,307000
3,0,167,3,45,8,4,569000
2,0,252,1,9,28,1,575000
5,1,275,3,45,42,3,725000
3,2,268,1,30,8,4,806000
5,2,97,3,39,17,2,510000
3,0,51,4,6,29,1,251000
4,2,190,4,20,12,1,690000
3,1,155,2,8,31,3,467000
6,2,267,3,38,25,3,871000
3,0,95,2,7,3,4,478000
3,2,96,2,8,9,2,469000
4,0,98,1,32,46,5,294000
1,0,290,1,40,5,4,715000
4,0,86,3,36,5,5,491000
3,0,103,4,35,10,1,421000
6,2,196,4,7,22,3,785000
5,2,39,4,25,15,1,418000
3,1,147,1,39,7,1,510000
3,0,247,4,13,1,5,816000
4,1,73,1,45,44,5,261000
3,0,281,4,50,37,5,667000
6,0,46,4,8,5,2,519000
4,1,198,4,31,1,5,770000
3,1,228,4,16,8,2,730000
4,2,60,1,8,16,3,412000
4,2,287,3,4,18,2,870000
5,1,258,4,45,3,1,876000
6,0,138,2,37,24,2,559000
2,2,41,4,27,9,4,330000
3,1,258,4,18,2,3,828000
1,0,233,4,46,29,3,495000
2,2,33,3,32,36,2,144000
1,2,249,3,6,30,1,572000
6,0,34,3,22,42,5,316000
1,2,82,1,16,49,4,143000
5,2,36,3,48,42,5,284000
2,0,266,2,3,37,4,604000
1,1,85,1,46,29,3,189000
1,1,239,3,5,1,3,698000
5,2,245,3,38,9,4,867000
4,1,221,1,43,31,1,584000
5,0,127,3,7,18,3,567000
5,1,81,3,50,33,2,367000
6,0,289,4,25,44,1,783000
2,2,283,4,5,8,2,821000
2,0,166,1,43,43,5,334000
2,1,185,4,39,44,1,381000
2,2,170,4,35,22,5,525000
2,0,229,3,10,26,1,558000
4,0,265,2,44,19,1,721000
2,1,92,1,9,36,1,235000
3,1,34,4,31,22,5,287000
3,1,192,3,35,45,4,464000
6,0,68,1,17,26,5,449000
5,0,99,1,45,15,3,468000
3,2,127,1,40,27,2,399000
5,1,48,3,22,41,4,309000
3,2,86,1,1,25,1,356000
1,1,81,2,24,20,3,258000
5,1,197,1,43,13,4,706000
2,1,37,4,17,36,2,157000
4,1,86,1,25,38,3,317000
2,1,199,1,32,28,5,506000
1,0,274,2,44,7,4,679000
2,1,80,4,17,29,5,308000
6,1,290,2,35,20,1,895000
3,1,51,4,18,39,3,229000
2,2,134,1,16,16,1,432000
3,1,158,3,26,21,4,525000
3,2,50,2,47,26,3,263000
2,1,216,1,13,42,3,469000
3,2,293,2,16,43,4,705000
3,0,274,2,40,9,1,743000
1,0,238,1,23,44,2,413000
6,1,180,1,18,46,5,592000
3,0,284,2,12,28,5,736000
2,0,179,3,28,13,2,515000
6,0,58,3,13,42,5,373000
2,1,166,2,15,46,3,357000
1,2,138,3,4,10,3,472000
3,0,138,4,1,40,4,405000
4,0,155,4,19,18,4,581000
5,1,175,2,11,44,2,529000
2,0,77,4,42,12,5,342000
3,2,291,4,17,11,1,850000
5,0,186,3,20,30,3,612000
5,1,157,3,16,45,4,513000
3,0,168,2,16,23,4,515000
6,1,173,1,34,43,3,557000
5,1,144,2,49,35,2,474000
2,0,122,4,33,3,1,446000
3,1,261,3,46,6,2,766000
1,1,268,2,37,12,4,669000
5,1,238,3,38,3,4,863000
5,1,120,2,25,9,4,600000
1,1,136,2,19,18,3,383000
2,1,190,4,49,20,5,541000
3,2,162,4,13,45,5,466000
2,2,195,1,6,24,5,564000
1,0,191,1,31,25,4,426000
5,2,88,4,9,19,3,532000
3,2,162,3,30,12,4,594000
4,2,157,2,47,50,2,397000
5,0,180,1,30,48,5,500000
4,2,238,4,37,43,4,644000
4,1,118,3,37,9,2,524000
6,2,99,1,1,27,1,522000
4,1,75,2,5,30,4,375000
5,0,35,4,40,21,5,365000
6,1,81,3,7,14,3,565000
4,2,287,4,43,19,1,826000
6,2,191,4,24,35,3,693000
4,2,199,1,49,33,3,564000
3,0,296,3,30,11,2,807000
5,2,100,1,16,38,1,404000
6,0,227,4,44,14,4,820000
4,1,296,1,50,3,3,887000
2,1,292,4,47,24,2,697000
3,1,262,4,7,12,1,777000
4,0,153,4,9,19,3,572000
3,1,227,3,4,23,1,645000
6,2,250,4,38,33,1,787000
2,2,270,3,32,36,4,638000
1,0,125,1,9,47,3,196000
3,1,254,2,16,38,4,632000
2,2,234,3,3,5,2,730000
5,0,35,4,1,3,5,494000
1,1,266,3,45,23,1,582000
6,2,169,2,5,1,3,818000
2,1,248,1,13,8,3,703000
2,2,35,2,14,9,5,321000
6,1,53,1,47,28,4,389000
6,1,78,4,30,29,5,491000
1,1,153,3,15,8,3,481000
6,0,240,4,47,5,5,898000
3,1,250,4,24,32,2,646000
3,1,163,2,46,35,2,415000
3,2,59,4,33,1,5,460000
5,2,210,1,41,25,1,664000
2,2,76,2,48,41,3,189000
3,1,70,4,31,49,2,194000
2,2,124,2,10,36,3,348000
6,0,108,1,46,43,4,405000
4,2,235,4,33,4,5,847000
5,2,49,3,11,14,4,477000
6,2,200,2,29,15,5,806000
3,1,165,3,46,43,1,379000
3,2,167,4,18,17,3,591000
1,2,253,1,36,35,5,545000
2,0,112,3,20,22,2,344000
1,1,176,3,3,34,4,419000
4,2,214,4,31,12,1,727000
5,0,245,2,2,2,5,898000
4,2,280,4,49,45,3,696000
4,1,240,2,23,29,3,682000
6,0,298,4,44,14,4,962000
2,2,252,3,20,37,2,589000
1,1,299,4,33,43,4,600000
3,1,208,2,50,32,3,526000
5,1,208,4,16,8,1,780000
6,0,76,1,32,17,1,455000
3,1,126,4,36,36,5,396000
4,1,141,1,11,47,2,386000
1,2,63,1,44,10,1,242000
5,1,123,3,7,49,2,414000
6,1,235,2,13,46,2,687000
2,0,296,3,46,5,5,801000
1,0,234,1,11,44,5,447000
5,1,105,2,26,33,1,419000
5,2,294,1,50,14,2,888000
6,1,68,1,9,46,3,357000
5,1,70,4,15,36,1,365000
2,0,131,2,40,2,2,452000
1,1,94,1,35,7,2,318000
1,1,124,2,3,16,5,405000
4,1,91,3,21,14,3,471000
3,2,34,4,12,7,4,391000
3,0,168,3,40,23,1,471000
5,2,193,4,45,23,5,706000
4,2,179,3,27,49,3,486000
3,0,232,2,23,4,2,711000
5,2,119,2,29,29,1,484000
1,2,229,1,25,22,2,543000
5,1,73,3,42,38,5,364000
3,2,98,1,41,18,2,385000
3,0,212,4,45,25,3,574000
3,0,156,2,8,29,1,439000
3,1,108,3,22,48,2,274000
3,2,30,4,10,12,4,360000
5,1,242,2,37,19,2,762000
6,0,211,3,45,20,4,747000
1,2,170,4,12,4,3,568000
6,1,269,3,20,46,1,748000
1,0,44,1,7,1,4,276000
1,2,198,4,25,11,4,586000
1,2,80,1,8,17,5,317000
5,1,54,2,8,30,1,350000
5,2,170,4,2,25,2,663000
6,2,127,1,7,18,4,647000
2,1,43,3,11,4,5,355000
5,2,100,2,45,7,5,580000
3,1,36,3,20,42,3,172000
6,2,33,2,38,47,4,293000
6,0,209,1,5,29,3,708000
4,0,31,4,16,40,2,206000
4,1,196,4,32,45,4,535000
6,0,249,4,19,14,1,859000
2,2,121,1,38,40,5,304000
6,0,240,2,37,25,5,788000
4,0,283,4,41,10,3,845000
5,1,116,1,23,50,3,369000
5,0,198,3,21,33,2,610000
2,2,268,4,39,10,2,747000
4,2,268,1,14,50,5,672000
5,1,158,3,32,42,2,494000
5,2,128,2,1,31,3,540000
4,2,276,2,42,50,5,670000
3,2,195,2,44,13,3,621000
2,1,46,3,23,44,3,129000
3,2,56,2,2,41,2,235000
6,0,80,2,16,11,5,559000
4,2,185,1,39,19,5,636000
3,1,37,1,17,42,2,147000
2,1,87,2,41,42,3,193000
4,2,180,1,29,24,3,591000
1,1,238,2,12,30,3,534000
4,0,62,1,29,22,1,305000
4,2,55,2,49,50,5,221000
5,1,147,1,23,30,4,541000
3,0,202,1,40,15,1,559000
3,1,86,1,48,50,5,204000
6,2,126,3,22,38,1,520000
4,1,200,3,13,46,4,547000
6,1,177,2,10,15,3,739000
6,1,281,3,39,30,1,833000
1,1,222,4,27,10,1,587000
3,1,39,2,36,39,1,147000
6,2,131,2,26,8,1,666000
6,1,239,1,8,30,4,790000
4,0,187,2,30,20,4,604000
4,2,183,2,29,23,2,602000
3,1,170,2,19,40,3,441000
6,0,125,1,16,34,1,484000
3,2,111,2,33,48,5,309000
5,0,273,1,9,13,5,882000
4,0,118,3,32,27,1,409000
1,1,281,4,18,44,3,564000
6,0,186,4,34,49,5,583000
4,0,40,1,47,5,2,338000
2,0,124,2,17,2,1,451000
4,1,185,2,5,2,3,725000
3,2,77,1,27,16,4,387000
4,0,101,3,10,42,1,322000
3,0,50,3,17,27,5,278000
3,2,122,3,13,31,3,426000
1,1,161,2,11,1,2,516000
3,0,226,1,37,17,5,640000
6,1,56,1,42,27,4,405000
6,2,139,1,6,17,4,677000
3,0,159,3,39,14,4,529000
1,1,145,4,29,31,4,356000
6,0,296,2,36,8,4,976000
4,2,298,3,27,22,4,869000
3,2,126,4,8,5,4,589000
4,0,267,3,20,32,5,734000
4,2,87,1,20,14,5,484000
4,0,253,1,44,16,3,722000
6,1,280,2,36,16,4,924000
5,0,176,4,28,5,5,739000
1,1,229,2,47,8,5,611000
1,0,176,2,13,8,2,489000
2,0,279,1,14,30,4,644000
1,2,121,3,31,37,2,266000
6,1,207,2,10,23,4,769000
3,2,170,2,44,1,1,611000
5,0,228,2,46,7,2,765000
3,0,220,4,34,3,2,701000
4,2,44,1,4,21,4,369000
2,2,295,2,46,22,2,714000
2,0,141,1,45,7,2,432000
4,2,61,2,34,5,4,463000
4,1,44,3,31,1,3,432000
2,0,211,3,31,19,1,536000
3,1,134,2,5,18,3,493000
1,2,214,1,46,46,4,392000
6,1,40,3,50,12,2,440000
4,0,73,3,9,5,2,462000
3,0,198,4,20,49,5,471000
1,1,87,2,22,2,3,362000
6,0,150,4,5,28,1,605000
3,1,47,3,8,42,1,186000
5,0,117,1,30,31,4,449000
1,0,296,4,36,31,4,631000
2,1,165,1,36,29,5,429000
2,2,224,3,50,25,1,553000
4,0,144,1,23,2,5,615000
6,2,144,1,38,26,2,590000
5,1,182,2,32,26,1,602000
1,0,235,3,21,44,2,429000
1,2,124,3,8,36,1,290000
3,0,236,4,2,1,2,775000
2,2,234,2,6,47,2,507000
2,0,145,2,50,21,4,395000
1,0,197,3,31,20,3,473000
4,2,134,1,16,24,3,512000
1,2,155,3,9,13,4,496000
4,2,169,3,29,13,4,654000
4,2,226,3,8,15,1,749000
6,1,234,1,33,21,3,790000
4,2,198,2,2,6,4,764000
1,0,167,2,37,15,1,402000
5,1,264,3,35,39,2,718000
2,2,222,3,8,22,1,606000
3,0,219,4,43,28,3,575000
6,0,290,2,36,49,5,769000
2,2,180,1,24,6,3,586000
4,0,109,3,38,32,2,370000
3,1,47,2,38,44,5,176000
4,1,275,1,13,49,4,662000
3,1,31,4,8,40,5,214000
1,0,74,3,49,31,4,164000
6,0,280,2,23,30,3,837000
4,2,204,4,41,39,4,592000
5,2,258,4,4,35,4,807000
6,0,184,2,31,29,2,632000
5,0,106,2,8,16,3,524000
4,1,106,1,29,4,3,523000
3,1,34,3,14,11,4,339000
6,1,287,2,3,11,5,1006000
4,1,47,4,29,8,4,425000
2,2,135,2,9,6,5,541000
3,1,99,2,37,21,3,376000
6,2,107,4,33,26,4,571000
1,0,248,3,39,4,3,647000
3,2,298,2,1,13,3,870000
6,0,62,1,26,4,1,498000
4,1,186,3,38,35,5,559000
6,0,79,3,31,3,5,592000
2,1,245,2,31,35,3,554000
1,2,166,2,41,15,3,456000
6,0,285,3,10,33,3,855000
1,2,208,4,2,47,5,459000
6,1,175,3,25,19,3,710000
3,1,212,2,27,30,3,567000
5,2,145,3,19,7,5,706000
6,1,120,2,18,43,5,497000
1,1,93,4,10,38,3,226000
4,0,233,1,35,36,4,601000
6,1,70,4,32,2,5,608000
3,1,110,3,13,50,3,287000
2,0,100,3,8,40,4,262000
1,2,173,4,5,39,5,426000
4,1,282,1,43,46,3,651000
6,0,299,2,41,24,2,877000
2,1,74,1,41,8,1,307000
3,0,95,3,26,42,4,274000
1,0,160,2,11,16,4,439000
6,1,277,2,41,45,4,768000
2,0,142,3,31,49,5,288000
6,2,197,3,32,32,2,692000
4,1,279,4,45,10,1,833000
4,2,138,4,40,35,5,491000
5,0,156,3,34,13,3,623000
5,0,115,3,44,16,2,506000
4,2,103,3,26,50,4,340000
3,0,132,1,27,38,3,337000
4,0,295,3,19,40,3,731000
2,0,211,3,45,1,5,652000
1,0,273,3,37,45,3,494000
3,2,181,1,12,49,4,445000
3,0,141,3,47,13,3,480000
2,1,172,2,37,24,2,447000
4,2,281,4,43,34,1,739000
2,2,183,4,16,24,1,520000
4,1,241,1,39,11,1,728000
3,2,284,3,43,17,1,770000
4,0,295,4,2,23,2,833000
4,1,72,4,15,17,1,414000
3,2,295,4,37,7,5,898000
2,0,59,2,41,40,2,117000
2,2,90,3,46,44,5,234000
5,0,109,1,3,37,2,410000
6,1,178,4,11,8,4,805000
2,2,224,4,25,40,2,523000
5,1,39,1,31,6,2,417000
4,0,158,4,36,21,5,565000
2,2,40,4,42,3,2,323000
2,2,35,1,44,16,5,246000
4,0,213,2,3,3,4,768000
3,0,39,1,30,42,4,138000
2,1,46,1,6,27,1,191000
1,1,35,3,44,27,2,111000
5,1,189,4,34,39,2,579000
6,1,282,1,12,40,5,832000
2,0,226,2,4,40,1,478000
2,1,77,1,2,12,4,362000
6,2,218,3,31,3,3,890000
2,2,204,3,5,44,2,473000
2,1,137,2,16,26,5,418000
3,2,235,1,31,22,4,669000
2,0,173,2,16,1,5,595000
1,2,197,4,21,34,2,453000
4,0,36,2,41,42,4,181000
1,0,43,4,19,13,2,212000
2,2,285,3,40,27,4,705000
5,1,129,1,13,28,3,515000
2,1,43,2,33,20,2,213000
2,0,145,1,50,46,1,230000
5,2,271,3,25,49,4,732000
4,2,135,2,4,13,1,571000
3,0,152,4,45,21,4,484000
5,1,259,4,6,11,4,907000
4,0,165,3,28,42,2,442000
1,1,161,2,30,44,2,282000
2,1,217,4,6,10,4,678000
6,1,224,4,4,8,3,894000
5,1,259,4,8,35,1,755000
6,2,268,4,24,29,5,897000
6,1,53,4,24,25,2,437000
6,0,131,3,1,28,5,601000
3,0,282,3,31,29,4,708000
6,2,41,3,20,29,3,417000
1,0,296,3,7,22,1,665000
1,1,182,4,14,16,4,520000
3,0,160,4,15,28,3,485000
3,1,285,2,35,44,2,625000
1,1,125,4,27,29,1,298000
2,2,55,2,24,46,4,156000
1,2,132,4,16,34,5,358000
2,0,43,2,22,29,1,149000
5,2,254,2,35,8,1,853000
4,2,53,3,34,24,2,342000
2,0,252,1,42,40,2,492000
3,1,134,2,29,36,5,399000
3,0,34,1,5,18,5,283000
3,2,89,3,48,47,2,235000
4,1,240,2,19,4,4,821000
1,2,213,3,26,26,1,500000
2,2,232,2,12,14,2,662000
6,0,229,2,17,27,1,736000
1,2,264,3,39,17,2,644000
2,2,146,4,40,43,4,357000
1,2,48,4,26,16,1,230000
5,2,135,4,7,12,5,683000
6,0,180,4,40,22,5,700000
2,2,143,2,17,19,1,444000
6,1,229,4,45,31,1,728000
1,1,261,4,16,27,3,611000
4,1,93,1,41,43,4,300000
5,0,196,1,9,26,3,643000
5,0,131,4,47,19,5,560000
2,0,174,2,20,2,4,578000
1,0,181,2,20,6,5,532000
4,0,32,2,18,30,4,256000
1,2,211,2,44,21,1,493000
1,2,279,2,9,9,2,734000
1,0,82,3,6,8,1,308000
3,0,138,2,44,1,5,547000
6,2,176,3,14,7,4,813000
3,1,170,3,20,39,4,465000
6,0,242,2,21,27,5,798000
6,0,199,4,2,4,2,836000
3,1,212,3,21,17,3,648000
3,1,34,3,46,5,2,317000
4,0,223,2,15,24,4,671000
5,1,227,4,47,48,3,607000
1,1,151,4,20,44,3,302000
5,0,163,2,18,38,3,518000
4,2,169,3,31,29,5,582000
1,0,233,4,21,9,3,620000
2,2,84,2,4,35,1,259000
4,2,147,1,20,15,3,579000
3,1,39,3,34,21,5,289000
4,0,48,4,36,35,3,255000
4,2,87,3,42,9,1,467000
3,0,50,3,44,9,2,311000
2,1,249,3,45,29,1,568000
3,2,234,2,4,30,4,664000
4,1,194,2,9,38,2,549000
6,2,83,1,15,24,1,491000
4,1,196,2,41,33,3,556000
3,0,145,1,35,17,5,480000
2,0,209,4,21,28,2,517000
3,0,217,4,19,40,5,555000
4,1,161,3,6,19,2,591000
4,2,61,2,50,19,3,367000
3,1,143,1,43,3,3,538000
4,0,91,2,19,28,3,373000
1,2,114,4,24,23,5,369000
3,2,240,4,16,23,3,709000
2,1,222,3,37,1,4,692000
5,0,246,1,29,24,3,733000
2,2,283,3,49,40,4,627000
2,2,200,4,42,49,4,433000
3,1,44,2,4,20,4,314000
6,2,96,3,1,21,2,576000
3,1,249,1,19,20,1,669000
6,0,224,2,4,48,2,644000
3,2,273,2,3,48,2,633000
3,2,232,3,4,18,2,710000
6,2,145,1,39,17,2,636000
6,1,56,1,47,3,3,510000
5,1,201,2,34,50,4,548000
4,1,226,2,3,1,1,794000
2,1,68,3,49,9,3,322000
4,0,50,2,12,7,5,423000
3,0,208,2,31,43,5,490000
1,2,30,2,17,34,5,133000
4,0,260,2,35,43,3,620000
2,1,106,3,27,27,5,350000
4,0,267,3,11,8,4,853000
6,2,160,1,48,24,2,622000
1,0,231,4,26,32,3,496000
3,2,94,4,48,41,4,305000
5,0,193,2,14,26,4,652000
5,1,51,4,46,3,2,471000
6,2,256,3,35,10,3,927000
5,0,217,2,49,2,5,795000
3,0,281,3,32,19,3,745000
2,1,60,4,4,23,2,281000
5,1,70,2,13,48,1,287000
5,1,34,4,21,48,4,257000
3,1,106,3,34,41,3,303000
4,0,137,2,4,18,5,550000
1,1,178,4,38,2,2,538000
1,2,274,4,26,30,4,642000
1,1,168,1,43,45,5,298000
2,2,151,3,15,43,5,392000
1,0,139,4,5,15,3,418000
6,0,236,2,6,27,4,791000
6,1,72,3,36,28,3,448000
5,1,169,1,17,35,3,556000
1,2,191,4,10,3,3,617000
3,0,202,1,17,46,1,427000
3,2,193,2,10,44,4,506000
3,1,90,1,36,23,2,329000
6,2,153,4,2,16,3,734000
5,1,283,4,22,45,5,779000
6,1,45,2,11,26,4,429000
5,1,79,4,50,10,3,498000
6,2,96,1,43,9,2,574000
2,2,64,3,8,13,4,365000
5,2,55,1,24,47,1,261000
2,0,88,3,23,28,2,263000
3,1,230,1,29,6,4,721000
6,0,52,3,33,43,3,316000
2,0,105,1,15,25,2,300000
5,2,149,4,7,35,2,566000
6,2,46,2,45,41,3,332000
4,2,80,3,4,45,2,321000
3,0,222,2,31,30,4,573000
1,2,274,1,3,17,2,680000
3,0,142,1,27,10,4,507000
2,0,164,3,29,28,2,409000
3,1,147,4,19,35,3,440000
1,2,75,4,9,41,1,176000
3,1,284,3,44,48,4,624000
5,1,249,2,13,9,5,880000
2,1,211,3,29,4,1,633000
4,1,80,2,4,48,1,266000
6,1,62,3,46,26,5,448000
3,0,270,1,19,25,3,686000
6,2,174,4,26,31,1,657000
6,1,42,4,24,34,5,400000
1,1,292,1,21,28,1,613000
5,1,121,3,27,31,2,480000
1,1,243,3,7,15,4,644000
2,1,259,1,35,21,4,648000
1,0,35,3,29,7,1,196000
1,1,229,2,20,43,2,433000
5,0,202,4,8,18,1,706000
1,2,69,2,6,5,4,357000
6,2,282,3,18,4,4,1036000
6,0,206,4,29,31,1,678000
1,0,196,2,11,17,4,506000
3,1,289,3,31,24,5,777000
6,1,269,4,23,38,1,795000
3,2,181,1,33,35,3,484000
5,0,132,2,42,26,1,472000
2,0,77,3,50,6,1,314000
4,1,113,3,25,2,3,571000
5,0,227,3,20,39,1,629000
4,0,71,1,28,7,4,429000
5,1,168,1,39,8,2,657000
3,0,139,1,17,46,3,321000
5,2,104,1,46,1,5,607000
6,1,42,2,28,39,2,321000
5,1,240,1,34,42,3,646000
6,0,92,2,2,47,1,377000
5,0,216,4,18,32,5,694000
1,1,280,2,14,5,3,741000
1,1,265,3,44,14,1,626000
6,2,103,3,3,24,4,593000
5,0,268,4,4,1,1,927000
2,1,33,4,19,41,1,112000
1,1,271,4,30,50,2,492000
1,0,186,3,35,26,5,437000
5,1,183,1,26,31,3,595000
4,1,41,1,33,3,2,384000
4,2,123,3,12,9,5,609000
5,1,274,4,1,48,1,727000
1,0,83,3,22,47,4,129000
6,0,252,4,6,36,3,788000
6,1,291,1,9,42,1,803000
2,2,56,4,43,44,1,139000
3,2,182,2,12,29,2,537000
2,0,189,2,10,38,1,408000
1,0,180,3,39,5,5,526000
3,1,163,1,9,38,1,417000
2,2,90,1,31,10,5,399000
4,2,36,2,10,47,2,207000
1,0,128,1,11,4,3,415000
3,0,62,3,31,7,4,378000
6,2,31,3,2,23,2,435000
1,2,91,3,33,37,4,224000
1,0,70,4,36,47,4,99000
5,1,183,2,20,9,2,711000
2,1,68,3,11,1,3,400000
1,1,242,4,44,1,2,665000
5,1,142,2,4,48,2,450000
4,2,183,4,46,2,4,730000
1,0,200,1,14,17,4,501000
4,1,140,4,28,37,1,437000
4,0,275,2,29,39,4,686000
1,2,65,3,23,17,4,282000
5,0,270,4,14,11,1,871000
3,2,84,1,20,49,5,253000
6,0,211,1,22,49,5,615000
4,1,204,1,31,5,4,722000
1,1,46,1,9,9,5,268000
3,0,56,1,28,15,4,309000
2,0,156,1,6,30,1,376000
5,1,75,4,37,28,4,423000
3,2,265,1,17,17,1,738000
4,0,253,2,1,20,3,755000
6,1,102,1,1,26,5,553000
3,0,252,2,10,47,2,549000
5,0,155,1,27,28,2,523000
3,2,205,2,23,48,4,497000
5,2,108,3,3,33,4,508000
2,0,202,3,4,34,5,510000
3,2,282,4,35,11,5,854000
4,1,193,3,18,32,4,598000
4,0,68,2,32,34,1,264000
1,2,172,3,45,48,2,299000
2,0,257,4,47,19,1,622000
3,0,297,3,21,14,2,803000
3,2,129,3,46,42,4,362000
3,0,36,3,25,6,4,337000
3,2,168,1,42,42,5,434000
5,2,32,1,7,19,2,382000
4,0,288,3,41,14,3,825000
4,0,58,2,9,44,3,237000
4,1,112,3,39,18,5,495000
3,1,280,2,36,47,2,599000
2,1,199,3,19,20,1,539000
5,0,235,1,31,17,1,724000
6,0,91,1,4,5,2,583000
1,2,98,1,29,13,5,352000
1,0,175,3,39,48,1,261000
6,0,268,1,19,29,4,822000
6,2,86,1,34,11,5,583000
4,0,169,4,38,39,3,475000
3,2,80,2,24,10,5,446000
5,1,46,3,15,19,1,392000
2,2,68,2,49,40,3,177000
5,1,62,1,20,30,3,364000
4,2,254,1,11,44,4,667000
6,0,50,4,18,26,2,412000
5,1,206,1,40,48,5,562000
3,2,101,4,23,42,1,309000
4,1,164,4,47,49,3,426000
3,2,85,2,21,25,5,384000
5,0,49,1,15,39,2,268000
1,1,33,2,38,35,2,63000
4,1,126,2,17,18,5,535000
2,0,256,1,10,31,5,607000
2,2,165,2,12,35,3,433000
3,0,83,4,37,16,2,359000
3,1,266,2,18,7,2,789000
6,0,291,3,20,47,2,777000
1,0,72,4,41,19,3,228000
4,2,280,2,43,32,4,757000
2,2,278,2,42,14,3,734000
4,1,52,4,19,31,4,330000
2,2,148,3,22,34,5,424000
5,0,137,1,27,16,3,557000
3,0,258,4,6,39,5,655000
1,0,162,2,18,48,3,266000
3,0,89,2,48,41,5,245000
5,2,289,4,8,28,3,890000
5,2,53,1,35,48,5,281000
6,1,248,2,17,4,1,909000
4,0,80,1,37,5,5,458000
1,0,247,1,44,32,3,480000
2,0,190,2,36,50,4,354000
3,2,196,2,26,11,2,641000
5,1,38,2,14,42,1,252000
4,1,265,3,4,37,2,711000
2,0,132,3,46,34,4,318000
6,1,175,2,20,5,3,775000
6,2,219,3,21,48,5,697000
3,1,284,1,24,47,1,599000
6,2,264,3,36,14,4,932000
3,2,100,3,15,35,1,340000
6,2,120,4,46,12,1,624000
1,2,93,1,17,27,3,264000
6,1,258,1,12,4,4,954000
1,1,39,1,2,11,1,211000
2,1,211,1,3,5,5,674000
5,0,278,1,26,45,4,705000
1,0,265,3,32,6,5,698000
5,0,240,3,48,7,1,787000
4,0,143,2,37,42,1,369000
2,2,210,3,16,40,5,524000
1,0,117,4,25,21,3,324000
5,2,278,3,31,18,1,865000
4,0,198,2,3,25,1,598000
2,2,218,3,46,16,4,620000
6,1,161,4,19,42,1,563000
6,0,34,1,39,32,1,289000
6,2,76,2,25,30,4,477000
6,2,162,4,12,24,5,722000
6,2,249,2,36,41,4,757000
4,2,198,4,38,39,5,593000
2,0,199,2,28,2,4,620000
6,1,52,4,33,47,4,336000
5,1,234,1,46,29,1,667000
6,2,118,4,11,17,5,670000
3,2,119,2,14,16,5,504000
2,1,107,3,18,38,4,296000
6,0,50,3,49,23,5,416000
5,2,141,3,44,41,5,503000
6,1,182,1,30,7,2,749000
4,1,77,3,30,38,2,304000
1,0,160,2,10,43,5,315000
2,2,144,1,35,32,1,353000
5,2,223,1,43,30,3,683000
4,1,68,1,6,2,5,500000
3,1,150,3,46,4,2,554000
5,1,198,3,40,5,5,781000
5,1,182,1,12,25,1,617000
5,1,95,1,41,48,3,319000
2,0,38,1,46,48,3,30000
5,1,234,4,46,22,5,772000
2,0,152,1,20,23,3,409000
1,1,273,4,24,12,2,692000
3,2,251,1,21,50,2,551000
2,2,271,4,48,45,5,599000
2,1,132,1,20,41,3,299000
4,1,291,1,32,20,4,820000
3,1,271,3,5,18,4,787000
1,2,111,2,4,35,3,283000
3,0,156,3,42,48,4,350000
3,1,197,3,25,18,4,619000
1,1,140,3,42,29,3,323000
3,2,236,3,32,49,2,535000
3,2,168,1,35,44,4,421000
5,0,85,3,10,36,5,410000
1,1,82,4,31,42,2,153000
6,0,53,4,5,12,4,521000
6,2,139,3,34,17,4,669000
6,1,55,1,22,2,3,538000
4,2,70,3,28,13,4,457000
3,0,164,1,31,43,2,362000
4,1,191,2,23,42,5,539000
5,1,269,1,13,37,2,740000
3,0,103,4,11,17,3,430000
6,0,92,3,3,34,3,471000
4,2,241,2,37,38,2,635000
5,0,268,3,42,24,3,784000
5,2,198,2,25,42,3,601000
1,1,291,2,4,28,4,668000
1,1,230,2,9,18,1,561000
2,1,127,1,25,43,1,254000
1,2,55,1,49,14,5,241000
3,2,281,2,43,26,3,729000
6,2,247,2,26,12,5,918000
5,0,193,2,19,47,1,512000
5,1,85,2,37,16,2,463000
2,1,167,2,24,13,2,505000
3,1,208,4,18,44,3,518000
5,1,271,4,12,3,2,945000
4,1,184,4,43,41,5,530000
2,0,206,2,39,23,5,528000
2,2,131,4,18,1,3,549000
3,1,163,4,33,23,4,528000
6,1,64,3,12,26,3,466000
6,0,70,2,15,16,2,485000
1,1,230,4,33,41,1,442000
3,1,194,1,37,5,5,656000
2,0,293,4,1,3,1,820000
4,0,264,3,49,29,1,674000
5,1,111,1,37,50,2,335000
3,2,105,3,42,23,2,393000
2,2,260,2,24,26,5,676000
6,1,35,1,1,30,3,379000
4,0,97,3,8,30,3,396000
1,1,240,2,35,26,4,545000
5,1,55,3,48,7,1,437000
1,0,144,4,3,38,2,305000
2,1,166,2,49,14,3,483000
6,1,96,1,30,22,2,502000
5,2,247,3,25,9,2,864000
2,0,177,2,19,6,1,535000
2,1,52,4,11,3,5,388000
4,1,178,2,34,21,4,597000
1,2,55,2,43,20,1,187000
5,1,156,3,43,21,5,614000
2,1,194,3,1,6,2,627000
2,2,169,3,49,5,3,564000
2,2,104,1,25,31,4,318000
3,1,248,4,30,5,5,801000
6,0,93,1,27,18,2,499000
6,2,266,3,36,8,2,946000
3,1,146,1,41,7,3,526000
1,2,208,2,12,34,1,454000
5,1,79,2,36,20,1,422000
4,1,229,3,10,28,4,698000
5,1,127,2,6,6,5,658000
4,1,30,4,12,12,1,358000
4,1,285,4,17,33,2,768000
6,2,245,2,48,10,5,902000
5,1,169,1,45,10,3,653000
2,1,139,4,14,7,5,539000
5,0,147,2,13,43,3,466000
6,2,101,3,37,41,5,480000
1,0,165,1,4,15,5,461000
4,2,242,2,13,48,3,621000
6,2,97,3,20,21,4,579000
6,2,190,3,34,1,5,861000
6,1,182,1,30,48,1,534000
4,0,183,1,20,36,5,526000
3,1,234,2,17,6,1,721000
5,2,223,1,36,24,5,740000
2,2,135,4,43,15,3,462000
4,0,280,2,29,12,1,801000
6,2,127,3,8,20,5,666000
5,1,277,4,13,20,5,901000
6,0,66,4,35,13,1,482000
2,2,48,4,44,23,1,227000
2,0,251,2,15,19,3,642000
6,2,83,1,4,24,2,512000
3,1,48,1,18,38,1,178000
3,2,281,3,19,29,1,728000
3,1,188,2,40,41,5,471000
5,2,72,2,29,4,1,515000
3,0,108,4,34,38,4,322000
1,0,193,2,35,12,1,471000
1,1,281,3,41,24,5,651000
1,1,206,4,32,44,2,390000
3,0,82,1,19,30,3,285000
4,2,122,3,35,38,5,439000
5,1,136,2,2,37,5,525000
1,2,277,3,29,33,2,600000
1,1,122,4,18,32,4,316000
3,2,233,3,49,16,2,677000
1,2,186,1,14,12,5,548000
4,0,184,2,36,28,3,542000
3,2,171,2,50,24,1,492000
2,1,54,1,9,23,3,244000
2,1,192,2,34,3,4,615000
1,2,249,2,40,2,3,688000
1,2,279,3,24,40,3,584000
4,2,42,4,14,31,4,335000
6,0,158,3,5,48,1,511000
3,0,57,2,47,1,3,362000
3,2,182,4,10,36,2,524000
2,2,267,2,35,21,2,674000
1,0,150,1,32,6,5,448000
5,1,158,1,47,24,1,539000
6,0,114,1,21,49,2,392000
6,1,204,2,5,26,2,733000
3,2,158,2,31,34,4,465000
3,0,190,1,45,20,5,545000
6,0,56,4,39,43,3,328000
5,1,289,3,2,11,2,941000
2,2,113,2,9,37,2,312000
6,0,219,3,6,21,1,767000
1,2,298,4,28,9,5,803000
6,0,278,2,14,9,1,927000
6,2,176,2,8,20,1,714000
3,2,268,1,25,45,5,636000
6,2,201,3,43,11,5,824000
4,2,184,2,30,48,1,468000
5,2,68,1,47,10,1,449000
2,1,284,3,27,19,4,736000
1,1,250,2,36,37,5,519000
2,0,45,3,40,49,3,65000
6,0,280,3,39,26,2,841000
2,2,173,2,17,27,2,474000
5,1,281,4,12,37,3,805000
4,2,174,2,31,25,3,582000
4,2,31,4,25,38,3,257000
5,1,286,1,45,26,3,807000
2,0,258,3,42,19,3,639000
2,2,74,1,49,30,4,239000
4,1,46,2,31,12,2,361000
2,2,208,1,2,4,1,654000
2,1,37,4,31,44,4,123000
5,1,134,1,3,21,3,570000
3,2,191,4,32,8,5,690000
4,0,174,1,26,9,5,637000
2,0,214,3,4,17,5,619000
3,0,189,2,24,30,3,504000
3,0,139,1,47,23,2,396000
1,2,192,2,44,15,4,515000
3,1,135,3,24,46,2,336000
1,0,290,4,1,7,3,764000
4,1,289,3,22,8,4,906000
4,2,271,1,5,15,5,862000
1,1,238,4,33,50,2,423000
3,0,249,1,13,24,2,645000
5,1,300,3,13,15,3,942000
1,0,153,2,7,24,1,359000
1,2,113,4,26,1,4,465000
3,1,298,4,27,6,4,889000
2,0,70,1,6,46,2,134000
4,2,231,2,23,39,3,634000
1,0,220,2,50,12,5,550000
5,1,175,3,11,29,3,624000
3,1,220,4,16,43,2,539000
3,0,164,4,23,19,1,510000
4,2,98,1,10,34,3,396000
2,1,185,4,26,46,3,404000
5,1,166,1,16,23,4,621000
5,2,96,1,13,2,5,619000
4,2,162,4,49,35,2,500000
5,0,194,2,6,12,2,712000
6,0,164,1,7,34,5,611000
5,2,150,4,10,36,4,580000
5,1,37,4,48,26,5,356000
1,0,147,4,44,7,3,435000
1,1,174,3,41,40,1,317000
5,0,112,1,3,28,1,451000
1,2,211,4,13,42,1,439000
5,0,146,1,45,36,5,477000
4,2,288,2,34,39,1,717000
3,0,133,3,13,29,1,398000
4,2,173,1,30,21,3,591000
2,0,237,4,2,5,1,697000
6,1,143,3,15,45,3,526000
6,1,275,3,3,9,5,1002000
3,2,182,3,40,3,5,679000
3,2,37,2,18,22,5,306000
5,1,91,2,40,23,5,467000
3,0,237,4,1,31,2,628000
2,2,198,2,36,20,3,550000
6,1,283,2,12,37,1,819000
2,2,226,4,5,8,1,697000
3,0,106,4,31,5,1,456000
3,0,224,4,7,7,1,706000
2,0,161,3,45,26,3,407000
3,1,188,3,30,46,1,426000
3,2,259,3,29,50,5,609000
3,0,92,3,22,15,3,397000
2,1,180,1,31,34,2,409000
5,1,125,4,1,16,5,629000
1,0,166,4,21,16,1,431000
1,1,182,2,7,31,3,422000
1,1,154,3,50,10,2,428000
1,0,248,4,14,47,3,467000
3,1,223,1,29,34,4,567000
3,1,136,1,13,28,5,449000
1,2,57,1,41,6,2,263000
5,1,70,4,44,31,2,371000
1,0,238,3,43,40,4,453000
5,1,131,2,45,32,5,497000
2,1,141,4,28,25,3,419000
6,0,85,1,14,18,2,496000
2,1,232,3,38,35,3,531000
5,1,201,4,17,41,5,640000
4,0,260,4,50,47,2,595000
1,1,70,4,4,27,5,261000
5,2,127,3,37,4,3,647000
1,2,208,1,48,41,2,383000
3,0,217,4,33,44,4,511000
4,1,152,2,1,47,2,428000
2,1,158,2,15,2,3,561000
2,1,174,4,50,48,1,328000
2,1,255,2,2,32,1,598000
4,0,251,3,39,50,4,583000
6,2,137,4,39,24,3,625000
4,0,141,3,29,8,3,573000
6,1,151,2,46,13,1,641000
5,1,53,4,18,6,5,518000
6,1,65,1,18,22,4,472000
1,1,57,4,35,13,4,264000
1,2,185,3,21,50,5,369000
2,2,116,4,38,17,3,419000
2,1,42,1,10,36,2,144000
4,1,195,2,47,37,3,528000
5,2,74,2,40,28,5,428000
5,2,191,2,6,14,2,736000
4,2,102,4,27,13,1,502000
5,1,65,2,36,7,4,489000
6,2,76,2,49,11,4,548000
6,0,247,3,26,41,5,743000
2,1,120,3,6,3,2,489000
4,1,174,1,8,4,1,660000
3,1,258,4,3,35,1,658000
5,2,84,2,10,25,3,473000
2,1,285,1,22,27,4,683000
2,1,128,3,24,28,3,372000
5,2,113,1,41,20,5,535000
6,1,170,4,13,1,3,812000
3,2,122,1,36,9,2,483000
5,0,110,1,27,22,2,463000
1,2,230,4,43,31,5,542000
3,2,224,3,17,33,3,616000
4,2,35,1,3,15,3,372000
4,2,33,1,38,40,3,208000
3,1,185,3,11,14,4,629000
4,0,72,2,26,25,4,353000
6,1,207,1,11,10,2,803000
4,1,201,2,50,9,5,697000
6,2,147,2,31,5,5,748000
6,0,215,3,25,33,5,720000
6,1,294,1,25,35,3,848000
6,2,176,3,24,12,4,778000
6,1,233,1,8,43,4,713000
6,1,99,3,46,12,4,582000
6,1,154,3,45,42,1,513000
5,0,140,2,44,43,1,401000
3,1,277,1,46,10,5,788000
2,0,129,2,6,39,1,287000
2,0,266,3,32,31,2,595000
1,0,36,3,34,1,3,243000
2,2,127,1,40,16,1,394000
5,2,86,1,34,47,1,313000
4,2,113,4,16,3,2,595000
4,0,244,4,8,21,1,725000
4,1,113,2,16,15,3,505000
2,2,180,2,18,31,4,487000
2,2,125,4,38,10,5,492000
1,2,202,2,9,21,2,520000
1,2,147,3,14,34,5,380000
1,2,155,4,11,20,5,479000
2,2,293,3,7,18,2,779000
5,2,60,1,50,49,5,275000
1,2,230,1,1,4,4,679000
1,2,280,3,40,23,1,635000
5,0,110,2,27,16,3,513000
6,1,60,3,24,13,1,491000
3,1,158,2,16,2,3,610000
2,1,55,4,39,5,4,346000
3,0,210,3,8,40,1,502000
6,1,47,4,41,26,1,393000
1,1,252,3,31,18,5,633000
4,1,258,3,39,2,4,857000
6,0,98,4,48,30,3,468000
4,0,122,3,22,18,1,472000
5,1,112,1,24,33,4,455000
5,0,52,2,2,47,5,287000
1,0,263,1,24,18,5,622000
6,0,67,2,31,34,2,373000
2,0,88,4,28,20,5,338000
2,2,164,3,1,27,4,502000
2,0,205,2,32,24,4,518000
6,1,194,3,28,14,2,760000
6,2,113,4,47,23,5,594000
4,0,30,1,2,16,2,308000
1,2,163,1,15,50,2,281000
1,0,144,4,6,16,5,442000
4,0,223,1,47,48,3,499000
5,1,202,1,38,38,5,606000
5,1,188,3,43,21,3,658000
5,2,80,4,5,22,3,505000
1,0,135,2,30,30,4,300000
6,1,143,4,31,3,5,750000
5,0,72,3,30,47,1,269000
1,1,236,1,5,28,1,517000
2,2,174,1,44,21,1,459000
6,2,189,3,40,8,3,798000
5,1,105,4,9,23,4,536000
5,0,125,3,19,44,1,401000
1,0,179,2,47,6,2,471000
3,2,218,4,32,24,5,664000
4,0,65,4,27,29,1,308000
2,0,170,1,6,38,4,394000
3,0,153,1,32,17,3,479000
3,2,110,3,19,42,5,361000
6,1,71,2,21,42,1,361000
2,2,42,4,46,27,2,203000
4,1,196,3,14,18,2,658000
1,0,57,4,44,26,2,150000
6,0,101,1,13,5,4,614000
6,0,281,4,18,6,1,964000
5,1,265,1,16,8,2,874000
2,0,233,3,14,10,2,652000
4,2,32,3,6,5,4,443000
4,0,88,3,41,8,5,475000
2,0,224,1,31,1,4,662000
6,0,167,3,38,13,2,681000
2,2,290,3,24,12,2,786000
6,1,219,2,2,13,2,831000
6,1,55,3,31,3,2,534000
6,1,142,4,15,32,4,609000
5,1,125,2,29,39,4,456000
5,0,265,3,46,27,2,749000
4,1,298,2,41,20,3,825000
4,0,247,1,11,50,2,563000
1,0,268,2,4,39,5,557000
5,1,39,4,13,20,4,415000
5,1,128,4,40,49,1,391000
4,2,59,1,45,46,1,203000
1,0,190,3,29,37,4,386000
5,1,106,2,15,23,2,492000
4,0,268,4,44,42,5,672000
5,2,119,3,39,28,2,499000
4,1,125,3,24,47,2,361000
4,1,251,2,39,39,1,618000
5,0,121,1,14,16,1,518000
2,1,146,3,9,45,5,358000
4,2,187,4,42,4,2,712000
3,1,172,4,18,32,3,506000
5,1,209,2,6,8,3,792000
2,0,167,4,50,46,3,324000
4,2,88,4,41,15,4,480000
6,1,110,2,5,11,4,640000
6,1,152,4,36,26,4,638000
6,2,272,2,24,50,2,750000
5,0,192,3,17,40,2,567000
5,0,167,4,17,29,4,602000
6,0,239,1,21,40,4,707000
2,1,210,3,20,10,1,610000
3,2,185,1,46,2,1,624000
3,1,132,2,29,45,3,330000
1,1,224,4,42,22,5,556000
6,2,170,3,27,32,4,663000
4,1,105,3,4,2,3,576000
1,2,262,4,46,3,4,733000
5,2,40,2,24,28,2,346000
2,0,227,1,16,38,3,488000
1,0,299,1,47,21,3,636000
2,2,126,1,35,44,1,257000
2,1,224,1,9,31,3,544000
6,2,237,4,40,27,4,819000
2,1,256,1,3,15,5,714000
1,0,149,3,39,39,2,264000
1,2,288,2,13,41,5,618000
1,0,202,4,19,31,5,470000
2,2,189,3,47,42,4,431000
6,1,245,4,34,23,5,851000
4,0,265,2,42,44,3,618000
6,2,268,1,43,50,2,713000
3,0,268,4,50,27,3,671000
6,2,126,2,47,38,2,495000
3,1,46,2,30,45,1,137000
6,2,127,4,14,48,4,520000
5,2,47,3,24,24,1,380000
6,1,253,3,50,43,1,701000
5,0,269,1,22,26,1,756000
3,2,269,2,35,39,2,638000
3,2,285,3,9,11,5,876000
4,2,120,4,32,2,1,588000
1,2,120,2,1,46,5,269000
3,2,140,3,15,26,4,495000
4,2,300,3,19,2,2,961000
4,1,253,1,2,2,4,864000
3,2,207,3,46,24,4,608000
6,0,98,4,40,19,1,511000
3,2,137,4,18,28,4,486000
3,2,197,4,26,24,4,618000
1,0,283,1,29,10,2,667000
5,1,242,1,47,20,2,737000
4,0,211,3,18,33,3,599000
1,2,106,4,8,32,3,304000
2,0,156,3,24,3,1,513000
5,1,108,2,23,47,1,358000
2,0,251,4,10,12,3,702000
2,1,79,3,24,21,1,289000
1,2,125,1,44,29,4,301000
2,2,114,4,16,48,2,272000
3,0,87,2,47,47,2,182000
4,0,218,3,1,34,5,645000
3,2,168,1,33,18,1,523000
6,0,92,3,18,42,5,436000
5,2,157,3,39,48,3,485000
6,2,78,3,13,23,2,518000
5,1,202,3,36,33,4,643000
4,1,85,1,5,10,2,465000
2,0,50,4,38,32,1,152000
5,0,246,3,37,27,1,710000
3,2,129,1,26,6,5,552000
5,0,224,4,39,35,1,634000
5,1,37,3,20,45,1,239000
4,2,233,1,5,12,5,801000
6,0,75,3,23,10,5,557000
1,1,137,3,50,43,1,219000
1,2,283,4,21,24,5,705000
2,0,51,4,40,49,1,67000
3,0,85,4,16,27,5,359000
1,2,144,1,47,38,1,261000
6,2,82,2,44,20,5,530000
1,0,254,2,2,24,5,606000
1,2,214,1,20,43,2,413000
6,2,183,4,27,47,2,604000
2,1,249,1,7,5,1,706000
2,2,202,4,39,10,2,615000
2,0,202,3,13,50,4,411000
4,1,284,2,50,9,1,823000
2,0,86,1,24,36,5,228000
4,1,34,1,1,19,2,322000
5,0,270,1,16,42,2,694000
5,2,203,2,45,35,5,646000
1,0,113,1,43,18,1,263000
4,1,105,2,47,31,5,398000
2,2,33,2,34,19,2,217000
1,0,269,4,47,21,1,586000
6,1,39,3,18,40,1,320000
2,1,283,3,37,44,1,569000
3,2,174,4,20,18,4,608000
4,0,171,3,41,5,2,626000
1,1,111,2,22,29,3,275000
1,1,251,4,25,28,4,587000
2,2,179,2,20,40,2,418000
4,1,169,1,3,12,2,625000
6,2,275,2,33,33,5,862000
4,1,60,3,40,4,5,460000
2,1,66,4,48,12,2,304000
3,0,163,3,22,18,4,534000
1,1,208,4,14,16,4,572000
4,0,131,4,31,30,4,461000
1,1,213,2,18,25,5,523000
2,1,138,4,27,9,3,494000
5,2,227,1,12,3,4,867000
5,1,244,2,17,13,1,806000
3,1,31,2,43,29,1,174000
2,1,229,3,43,42,1,465000
5,0,46,4,13,25,4,384000
2,2,230,3,31,8,4,699000
6,2,297,2,46,46,2,798000
5,0,192,1,22,22,4,652000
3,2,154,1,9,24,2,499000
1,2,89,1,17,16,4,321000
5,2,202,2,32,30,3,662000
3,1,109,4,1,6,5,547000
2,1,258,1,31,29,4,610000
2,2,184,1,42,29,2,451000
3,0,99,3,11,45,4,282000
1,1,286,4,31,19,1,666000
